{
  "GET guestbook" : {
    "transaction" : "GET guestbook",
    "sampleCount" : 12,
    "errorCount" : 0,
    "errorPct" : 0.0,
    "meanResTime" : 11.333333333333334,
    "medianResTime" : 9.5,
    "minResTime" : 6.0,
    "maxResTime" : 34.0,
    "pct1ResTime" : 27.400000000000023,
    "pct2ResTime" : 34.0,
    "pct3ResTime" : 34.0,
    "throughput" : 0.044073897234362946,
    "receivedKBytesPerSec" : 0.17698424358173873,
    "sentKBytesPerSec" : 0.017173325191905096
  },
  "GET UpdateComments" : {
    "transaction" : "GET UpdateComments",
    "sampleCount" : 318,
    "errorCount" : 0,
    "errorPct" : 0.0,
    "meanResTime" : 6.41194968553459,
    "medianResTime" : 5.0,
    "minResTime" : 1.0,
    "maxResTime" : 36.0,
    "pct1ResTime" : 9.0,
    "pct2ResTime" : 14.0,
    "pct3ResTime" : 27.0,
    "throughput" : 1.0723860589812333,
    "receivedKBytesPerSec" : 2.361250305613165,
    "sentKBytesPerSec" : 0.3183646112600536
  },
  "Clear Guestbook History" : {
    "transaction" : "Clear Guestbook History",
    "sampleCount" : 13,
    "errorCount" : 0,
    "errorPct" : 0.0,
    "meanResTime" : 45.07692307692308,
    "medianResTime" : 32.0,
    "minResTime" : 0.0,
    "maxResTime" : 156.0,
    "pct1ResTime" : 117.19999999999996,
    "pct2ResTime" : 156.0,
    "pct3ResTime" : 156.0,
    "throughput" : 0.043506925967945434,
    "receivedKBytesPerSec" : 1.1660817024511132,
    "sentKBytesPerSec" : 0.04137602785112599
  },
  "POST Send Comment" : {
    "transaction" : "POST Send Comment",
    "sampleCount" : 335,
    "errorCount" : 17,
    "errorPct" : 5.074627,
    "meanResTime" : 9.44179104477611,
    "medianResTime" : 6.0,
    "minResTime" : 2.0,
    "maxResTime" : 239.0,
    "pct1ResTime" : 14.400000000000034,
    "pct2ResTime" : 21.0,
    "pct3ResTime" : 33.19999999999993,
    "throughput" : 1.1325028312570782,
    "receivedKBytesPerSec" : 0.33893541036324604,
    "sentKBytesPerSec" : 0.7775260517908757
  },
  "TRUNCATE Guestbook Request" : {
    "transaction" : "TRUNCATE Guestbook Request",
    "sampleCount" : 9,
    "errorCount" : 0,
    "errorPct" : 0.0,
    "meanResTime" : 24.66666666666667,
    "medianResTime" : 7.0,
    "minResTime" : 4.0,
    "maxResTime" : 130.0,
    "pct1ResTime" : 130.0,
    "pct2ResTime" : 130.0,
    "pct3ResTime" : 130.0,
    "throughput" : 0.03567761705231528,
    "receivedKBytesPerSec" : 3.135728061238648E-4,
    "sentKBytesPerSec" : 0.0
  },
  "Total" : {
    "transaction" : "Total",
    "sampleCount" : 1670,
    "errorCount" : 17,
    "errorPct" : 1.0179641,
    "meanResTime" : 8.491017964071867,
    "medianResTime" : 7.0,
    "minResTime" : 0.0,
    "maxResTime" : 239.0,
    "pct1ResTime" : 12.900000000000091,
    "pct2ResTime" : 16.449999999999818,
    "pct3ResTime" : 31.0,
    "throughput" : 5.564162793409633,
    "receivedKBytesPerSec" : 39.13748253390141,
    "sentKBytesPerSec" : 2.3417587085811387
  },
  "GET Clients" : {
    "transaction" : "GET Clients",
    "sampleCount" : 318,
    "errorCount" : 0,
    "errorPct" : 0.0,
    "meanResTime" : 8.094339622641503,
    "medianResTime" : 7.0,
    "minResTime" : 2.0,
    "maxResTime" : 35.0,
    "pct1ResTime" : 12.0,
    "pct2ResTime" : 14.0,
    "pct3ResTime" : 25.24000000000001,
    "throughput" : 1.073424968269828,
    "receivedKBytesPerSec" : 6.431115410483784,
    "sentKBytesPerSec" : 0.41616182851867356
  },
  "GET /service/guestbook" : {
    "transaction" : "GET /service/guestbook",
    "sampleCount" : 12,
    "errorCount" : 0,
    "errorPct" : 0.0,
    "meanResTime" : 8.666666666666666,
    "medianResTime" : 8.0,
    "minResTime" : 6.0,
    "maxResTime" : 14.0,
    "pct1ResTime" : 12.800000000000004,
    "pct2ResTime" : 14.0,
    "pct3ResTime" : 14.0,
    "throughput" : 0.044075839828398064,
    "receivedKBytesPerSec" : 0.1268399941415863,
    "sentKBytesPerSec" : 0.013085014949055677
  },
  "SendComment Load" : {
    "transaction" : "SendComment Load",
    "sampleCount" : 335,
    "errorCount" : 17,
    "errorPct" : 5.074627,
    "meanResTime" : 40.57910447761194,
    "medianResTime" : 36.0,
    "minResTime" : 19.0,
    "maxResTime" : 246.0,
    "pct1ResTime" : 54.400000000000034,
    "pct2ResTime" : 63.19999999999999,
    "pct3ResTime" : 85.75999999999988,
    "throughput" : 1.135912816148272,
    "receivedKBytesPerSec" : 38.64849977917516,
    "sentKBytesPerSec" : 2.3412704888154976
  },
  "GET Home page" : {
    "transaction" : "GET Home page",
    "sampleCount" : 347,
    "errorCount" : 0,
    "errorPct" : 0.0,
    "meanResTime" : 9.452449567723335,
    "medianResTime" : 8.0,
    "minResTime" : 2.0,
    "maxResTime" : 42.0,
    "pct1ResTime" : 15.0,
    "pct2ResTime" : 18.0,
    "pct3ResTime" : 34.559999999999945,
    "throughput" : 1.1744955084854762,
    "receivedKBytesPerSec" : 25.998329776211218,
    "sentKBytesPerSec" : 0.4037328310418824
  },
  "GET Guestbook" : {
    "transaction" : "GET Guestbook",
    "sampleCount" : 318,
    "errorCount" : 0,
    "errorPct" : 0.0,
    "meanResTime" : 8.371069182389943,
    "medianResTime" : 7.0,
    "minResTime" : 2.0,
    "maxResTime" : 49.0,
    "pct1ResTime" : 12.0,
    "pct2ResTime" : 16.0,
    "pct3ResTime" : 28.860000000000014,
    "throughput" : 1.0724149908777278,
    "receivedKBytesPerSec" : 4.306416447743376,
    "sentKBytesPerSec" : 0.4304321887214318
  }
}